ID,FQDN(IP),PORT,Is_Up,Pinged_Time(HH:MM:SS),Response_Time(ms)
0f3a7c29-87c1-49a0-8937-f20877adecb7,google.com,443,True,19:28:25,38.25120598776266
1c305931-e305-4d1e-880a-abf686a15983,google.com,8000,False,19:28:25,1500.9436740074307
8b2d79dd-be3c-4eca-9e6c-900657b1c496,google.com,443,True,19:28:28,9.039286989718676
0411eaae-1d2b-465a-ba8e-309073df41b8,google.com,8000,False,19:28:28,1501.8883110024035
351e6869-d0d1-4773-be56-f48bdb87ce15,google.com,443,True,19:28:31,7.318420015508309
cd871aa2-2335-4af4-a563-053ec9a0ebf3,google.com,8000,False,19:28:31,1501.459518010961
286c758a-4d8e-41e7-9eee-3cee25343a51,google.com,443,True,19:28:34,13.084240024909377
bffcdee6-056c-4416-bea1-ad61f97a5646,google.com,8000,False,19:28:34,1500.6473340035882
