ID,FQDN(IP),PORT,Is_Up,Pinged_Time(Sec),Response_Time(ms)
e22e2db9-b023-41b0-8638-a8b6390cd388,google.com,443,False,17:55:32,31.08560197870247
980de324-92b0-4793-9bfa-120ca1b4b7f2,google.com,8000,False,17:55:32,1518.6452209891286
8edfaf50-db73-478a-9a92-cf18cc49c170,google.com,443,False,17:55:36,9.707914985483512
fc3f2550-620f-42ab-8f85-6d1690c94cbf,google.com,8000,False,17:55:36,1502.6480840169825
5fc3ae61-9e59-402d-9777-fb5f8962dd81,google.com,443,False,17:55:39,12.12809601565823
f7b818ed-5a63-49b5-b676-bb20ed6a8e29,google.com,8000,False,17:55:39,1501.7475750064477
37232817-3325-4382-b539-7b8e705b1ea1,google.com,443,False,17:55:42,26.862462982535362
955a2210-b2c7-4cdb-b032-a8bdbc669d0c,google.com,8000,False,17:55:42,1501.928431011038
