ID,FQDN(IP),PORT,Is_Up,Pinged_Time(Sec),Response_Time(ms)
3a614114-35c3-4a08-9d8a-47c37deaaa8b,google.com,443,True,14:49:58,35.02259901142679
14adc465-881c-4a10-aa84-33197e984c70,google.com,8000,False,14:49:58,1001.2349839962553
89fcd601-d098-4c6c-8af5-6b164ee2907c,google.com,443,True,14:49:59,7.850947993574664
8a98c352-1c39-4679-800f-cf3927e0ed6d,google.com,8000,False,14:49:59,1001.5593840216752
a1293a99-87b5-431e-b0f4-2b1ede75969c,google.com,443,True,14:50:00,4.777469002874568
2f7d95e6-1d58-4d4d-84c2-c65042e06835,google.com,8000,False,14:50:00,1001.6681300185155
806168b0-22b5-46e5-8269-8fd7e5625e77,google.com,443,True,14:50:01,21.957021002890542
aeb348e4-329d-44c3-818d-8a0def423f64,google.com,8000,False,14:50:01,1001.1388680140954
